,Activiteit,cost2,tijd2
0,Kerstmarkt,11728.820833333333,929.7166666666667
1,Kerstpakketten,34354.984375,2901.8625
2,Uitnodigingen,22460.584375000002,1931.3375
3,Webshop,52912.49375,4350.349999999999
